B27 Component,Gene
Linolenic Acid,CYP1A2
Linolenic Acid,CYP2C19
Linolenic Acid,CYP2C9
Linolenic Acid,CYP2E1
Linolenic Acid,CYP3A4
Linolenic Acid,GCLC
Linolenic Acid,IL1B
Linolenic Acid,IL4
Linolenic Acid,NR1H2
Linolenic Acid,NR1H4
Linolenic Acid,PLIN2
Linolenic Acid,PPARA
Linolenic Acid,PPARG
Linolenic Acid,RXRA
Linolenic Acid,TRPV1
Linolenic Acid,ELOVL4
Linolenic Acid,FABP7
Linolenic Acid,FADS1
Linolenic Acid,FADS2
Linolenic Acid,SLC8A1
Linolenic Acid,TRPV1
Linolenic Acid,ABCD1
Linolenic Acid,ACAA1
Linolenic Acid,ACOT8
Linolenic Acid,ACOX1
Linolenic Acid,ACSL1
Linolenic Acid,ELOVL2
Linolenic Acid,ELOVL5
Linolenic Acid,FADS1
Linolenic Acid,FADS2
Linolenic Acid,HSD17B4
Linolenic Acid,SCP2
Linolenic Acid,FFAR1
Linolenic Acid,FFAR4
Linolenic Acid,ACOT1
Linolenic Acid,ACOT2
Linolenic Acid,ACOT4
Linolenic Acid,ACOT7
Linolenic Acid,ACOT8
Linolenic Acid,BAAT
Linolenic Acid,ELOVL4
Linolenic Acid,FADS1
Linolenic Acid,FADS2
Linolenic Acid,PLA2G10
Linolenic Acid,PLA2G12A
Linolenic Acid,PLA2G12B
Linolenic Acid,PLA2G16
Linolenic Acid,PLA2G1B
Linolenic Acid,PLA2G2A
Linolenic Acid,PLA2G2D
Linolenic Acid,PLA2G2E
Linolenic Acid,PLA2G2F
Linolenic Acid,PLA2G3
Linolenic Acid,PLA2G4A
Linolenic Acid,PLA2G4B
Linolenic Acid,PLA2G4C
Linolenic Acid,PLA2G4D
Linolenic Acid,PLA2G4E
Linolenic Acid,PLA2G4F
Linolenic Acid,PLA2G5
Linolenic Acid,PLA2G6
Linolenic Acid,PLB1
Linolenic Acid,SLC8A1
Linolenic Acid,TRPV1
Linolenic Acid,ACOX1
Linolenic Acid,ACOX3
Linolenic Acid,FADS2
Linolenic Acid,PLA2G10
Linolenic Acid,PLA2G12A
Linolenic Acid,PLA2G12B
Linolenic Acid,PLA2G1B
Linolenic Acid,PLA2G2A
Linolenic Acid,PLA2G2D
Linolenic Acid,PLA2G2E
Linolenic Acid,PLA2G2F
Linolenic Acid,PLA2G3
Linolenic Acid,PLA2G4A
Linolenic Acid,PLA2G5
Linolenic Acid,PLA2G6
Alpha-Tocopherol,IL1B
Alpha-Tocopherol,APOE
Alpha-Tocopherol,CASP3
Alpha-Tocopherol,GSR
Alpha-Tocopherol,CYCS
Alpha-Tocopherol,NFKB1
Alpha-Tocopherol,PUM3
Alpha-Tocopherol,APOA1
Alpha-Tocopherol,TTPA
Alpha-Tocopherol,IL6
Alpha-Tocopherol,SOD1
Alpha-Tocopherol,AKT1
Alpha-Tocopherol,TNF
Alpha-Tocopherol,CRP
Alpha-Tocopherol,APOB
Alpha-Tocopherol,CAT
Biotin,SLC5A6
Biotin,RPE
Biotin,GIF
Biotin,HLCS
Biotin,TKT
Biotin,MCCC2
Biotin,KAT6B
Biotin,DNA2
Biotin,MUT
Biotin,EGOT
Biotin,UBL5
Biotin,ACACB
Biotin,PCCA
Biotin,BTD
Biotin,GGCX
Biotin,PCCB
Catalase,ABL1
Catalase,ABL2
Catalase,AGT
Catalase,APP
Catalase,BCL2
Catalase,BCL2L1
Catalase,CASP3
Catalase,CAT
Catalase,COMT
Catalase,COQ10A
Catalase,CSF1
Catalase,CTSK
Catalase,CTSL
Catalase,CTSS
Catalase,CXCL8
Catalase,CYBA
Catalase,CYP1B1
Catalase,EGF
Catalase,FOXO3
Catalase,GPX1
Catalase,GRB2
Catalase,GSR
Catalase,HGF
Catalase,HLA-DRA
Catalase,HSPB1
Catalase,ICAM1
Catalase,IGF1
Catalase,IL6
Catalase,MIR146A
Catalase,MIR30B
Catalase,MMP3
Catalase,MPO
Catalase,MSRA
Catalase,MSRB2
Catalase,MTOR
Catalase,MYOCD
Catalase,NOX4
Catalase,PEX14
Catalase,PEX5
Catalase,PGR
Catalase,PIK3CA
Catalase,PON1
Catalase,PPARG
Catalase,PTEN
Catalase,PTGS2
Catalase,RIPK1
Catalase,SIRT1
Catalase,SOD1
Catalase,SOD2
Catalase,TGFB1
Catalase,TNF
Catalase,TP53
Catalase,VCP
Catalase,CAT
Catalase,GPX7
Corticosterone,ABCG2
Corticosterone,ACHE
Corticosterone,AKR1D1
Corticosterone,AR
Corticosterone,BCL2L1
Corticosterone,CALCA
Corticosterone,CARTPT
Corticosterone,CASP3
Corticosterone,CAT
Corticosterone,CCNB1
Corticosterone,CCND1
Corticosterone,CCND2
Corticosterone,CCNE1
Corticosterone,CDH2
Corticosterone,CDK2
Corticosterone,CDK4
Corticosterone,CDKN1A
Corticosterone,CDKN1B
Corticosterone,CEBPB
Corticosterone,CNR1
Corticosterone,CRH
Corticosterone,CTNNA1
Corticosterone,CTNNB1
Corticosterone,CYP11B1
Corticosterone,CYP11B2
Corticosterone,CYP3A4
Corticosterone,CYP3A5
Corticosterone,DKK1
Corticosterone,GSTA3
Corticosterone,GSTM2
Corticosterone,HSD11B1
Corticosterone,HSD11B2
Corticosterone,HSPB1
Corticosterone,HTR2A
Corticosterone,IGF1
Corticosterone,IGF1R
Corticosterone,IL1B
Corticosterone,JAK2
Corticosterone,KDR
Corticosterone,MAPK1
Corticosterone,MAPK3
Corticosterone,MC2R
Corticosterone,MTOR
Corticosterone,NCOA1
Corticosterone,NCS1
Corticosterone,NDRG1
Corticosterone,NR1I2
Corticosterone,NR1I3
Corticosterone,NR3C1
Corticosterone,NR3C2
Corticosterone,PCNA
Corticosterone,PDK1
Corticosterone,PDYN
Corticosterone,POMC
Corticosterone,PPP1R1B
Corticosterone,PRKCA
Corticosterone,PRL
Corticosterone,PTEN
Corticosterone,PTGS1
Corticosterone,PTGS2
Corticosterone,PTH
Corticosterone,SGK1
Corticosterone,SHBG
Corticosterone,SLC1A2
Corticosterone,SLC22A11
Corticosterone,SLC22A3
Corticosterone,TAT
Corticosterone,TDO2
Corticosterone,TGFB1
Corticosterone,TSC22D3
Corticosterone,VEGFA
Corticosterone,NR3C1
Corticosterone,AKR1D1
Corticosterone,CYP11B1
Corticosterone,CYP11B2
Corticosterone,CYP21A2
Corticosterone,DEFA4
Corticosterone,HSD11B1
Corticosterone,HSD11B2
Corticosterone,NR3C2
Corticosterone,AANAT
Corticosterone,AVPR1A
Corticosterone,BDH1
Corticosterone,CCND1
Corticosterone,CDKN1A
Corticosterone,CRH
Corticosterone,CYP11A1
Corticosterone,FOS
Corticosterone,FOSB
Corticosterone,FOSL1
Corticosterone,FOSL2
Corticosterone,JUNB
Corticosterone,MAOB
Corticosterone,NEFL
Corticosterone,NTRK3
Corticosterone,SERPINA7
Corticosterone,SLC18A2
Corticosterone,STAR
Corticosterone,TH
Corticosterone,TRH
Corticosterone,UCN3
Corticosterone,CYP11B2
Corticosterone,NPPA
Corticosterone,NR3C2
D-Galactose,AKR1B1
D-Galactose,COLEC12
D-Galactose,GALC
D-Galactose,GALK1
D-Galactose,GALK2
D-Galactose,GALNS
D-Galactose,GANC
D-Galactose,GLA
D-Galactose,GLB1
D-Galactose,HK1
D-Galactose,HK2
D-Galactose,HK3
D-Galactose,HKDC1
D-Galactose,LCT
D-Galactose,MGAM
Ethanolamine,APOB
Ethanolamine,APOE
Ethanolamine,EGF
Ethanolamine,FGF1
Ethanolamine,ABHD4
Ethanolamine,GDE1
Ethanolamine,ANXA3
Ethanolamine,CHKA
Ethanolamine,CHKB
Ethanolamine,ENPP2
Ethanolamine,ETNK1
Ethanolamine,ETNK2
Ethanolamine,FAAH
Ethanolamine,FAAH2
Ethanolamine,GDE1
Ethanolamine,PHOSPHO1
Ethanolamine,PLD1
Ethanolamine,PLD2
Ethanolamine,PLD3
Ethanolamine,PLD4
Ethanolamine,PTDSS1
Ethanolamine,PTDSS2
Ethanolamine,ANXA3
Glutathione ,ABCB4
Glutathione ,ABCC1
Glutathione ,ABCC2
Glutathione ,ABCC3
Glutathione ,ABCC4
Glutathione ,ABCC5
Glutathione ,ABCC6
Glutathione ,ADH5
Glutathione ,AGT
Glutathione ,AHR
Glutathione ,AIFM1
Glutathione ,AKR1B1
Glutathione ,AKR7A2
Glutathione ,AKT1
Glutathione ,ALAD
Glutathione ,ALB
Glutathione ,AS3MT
Glutathione ,ATG5
Glutathione ,BAX
Glutathione ,BCL2
Glutathione ,BCL2L1
Glutathione ,BIRC2
Glutathione ,BIRC3
Glutathione ,BMI1
Glutathione ,BNIP3
Glutathione ,CASP3
Glutathione ,CASP9
Glutathione ,CAT
Glutathione ,CBR3
Glutathione ,CBS
Glutathione ,CCL2
Glutathione ,CCL5
Glutathione ,CCND1
Glutathione ,CD86
Glutathione ,CDC25B
Glutathione ,CDC25C
Glutathione ,CDKN1A
Glutathione ,CDO1
Glutathione ,CFTR
Glutathione ,CHUK
Glutathione ,CLDN4
Glutathione ,CNTF
Glutathione ,CRYAB
Glutathione ,CXCL8
Glutathione ,CYCS
Glutathione ,CYP1A1
Glutathione ,CYP1A2
Glutathione ,CYP1B1
Glutathione ,CYP2A6
Glutathione ,CYP2B6
Glutathione ,CYP2C18
Glutathione ,CYP2C19
Glutathione ,CYP2C8
Glutathione ,CYP2C9
Glutathione ,CYP2D6
Glutathione ,CYP2E1
Glutathione ,CYP2J2
Glutathione ,CYP3A4
Glutathione ,CYP3A5
Glutathione ,DDIT3
Glutathione ,DUSP1
Glutathione ,EGF
Glutathione ,EGFR
Glutathione ,EPO
Glutathione ,F3
Glutathione ,FAS
Glutathione ,FGF1
Glutathione ,FN1
Glutathione ,FSHB
Glutathione ,FYN
Glutathione ,GAPDH
Glutathione ,GCLC
Glutathione ,GCLM
Glutathione ,GGT1
Glutathione ,GLRX
Glutathione ,GPX1
Glutathione ,GSR
Glutathione ,GSS
Glutathione ,GSTA1
Glutathione ,GSTA2
Glutathione ,GSTA3
Glutathione ,GSTA4
Glutathione ,GSTM1
Glutathione ,GSTM2
Glutathione ,GSTM3
Glutathione ,GSTM4
Glutathione ,GSTM5
Glutathione ,GSTP1
Glutathione ,GSTT1
Glutathione ,GSTZ1
Glutathione ,H2AFX
Glutathione ,HGF
Glutathione ,HIF1A
Glutathione ,HMOX1
Glutathione ,HRAS
Glutathione ,HSD17B1
Glutathione ,HSD3B1
Glutathione ,HSPA1B
Glutathione ,HSPA5
Glutathione ,HSPB1
Glutathione ,ICAM1
Glutathione ,IFNG
Glutathione ,IKBKB
Glutathione ,IL10
Glutathione ,IL13
Glutathione ,IL1B
Glutathione ,IL4
Glutathione ,IL6
Glutathione ,JAK2
Glutathione ,JUN
Glutathione ,KEAP1
Glutathione ,LCK
Glutathione ,LHB
Glutathione ,LYN
Glutathione ,MAPK1
Glutathione ,MAPK3
Glutathione ,MAPK8
Glutathione ,MAPK9
Glutathione ,MGMT
Glutathione ,MGST1
Glutathione ,MMP2
Glutathione ,MMP9
Glutathione ,MPO
Glutathione ,MST1R
Glutathione ,MTF1
Glutathione ,MYC
Glutathione ,NFE2L2
Glutathione ,NFKB1
Glutathione ,NFKBIA
Glutathione ,NGF
Glutathione ,NOS2
Glutathione ,NQO1
Glutathione ,ODC1
Glutathione ,OGDH
Glutathione ,PARK2
Glutathione ,PARK7
Glutathione ,PARP1
Glutathione ,PDK1
Glutathione ,PON1
Glutathione ,PON3
Glutathione ,PRKCD
Glutathione ,PRNP
Glutathione ,PROCR
Glutathione ,PTGS2
Glutathione ,PTMA
Glutathione ,RB1
Glutathione ,RELA
Glutathione ,RFK
Glutathione ,RXRA
Glutathione ,SIRT1
Glutathione ,SLC22A6
Glutathione ,SLC25A10
Glutathione ,SLC39A2
Glutathione ,SLC3A2
Glutathione ,SLC7A11
Glutathione ,SLCO1B1
Glutathione ,SNCA
Glutathione ,SOD1
Glutathione ,SOD2
Glutathione ,SP1
Glutathione ,SP3
Glutathione ,SP4
Glutathione ,SQSTM1
Glutathione ,STAT1
Glutathione ,STAT3
Glutathione ,TALDO1
Glutathione ,TGFB1
Glutathione ,TNF
Glutathione ,TNFRSF10B
Glutathione ,TNFRSF1A
Glutathione ,TP53
Glutathione ,TRPA1
Glutathione ,TXNRD1
Glutathione ,TYR
Glutathione ,UCHL1
Glutathione ,UCP2
Glutathione ,VCAM1
Glutathione ,XDH
Glutathione ,XIAP
Glutathione ,ABCC1
Glutathione ,ABCC2
Glutathione ,ABCC3
Glutathione ,ABCC4
Glutathione ,ABCC5
Glutathione ,ESD
Glutathione ,GGT1
Glutathione ,GLO1
Glutathione ,GLRX
Glutathione ,GLRX2
Glutathione ,GPX1
Glutathione ,GPX2
Glutathione ,GPX3
Glutathione ,GPX4
Glutathione ,GPX5
Glutathione ,GPX6
Glutathione ,GPX7
Glutathione ,GPX8
Glutathione ,GSR
Glutathione ,GSS
Glutathione ,GSTA1
Glutathione ,GSTA2
Glutathione ,GSTA3
Glutathione ,GSTA4
Glutathione ,GSTA5
Glutathione ,GSTK1
Glutathione ,GSTM1
Glutathione ,GSTM2
Glutathione ,GSTM3
Glutathione ,GSTM4
Glutathione ,GSTM5
Glutathione ,GSTO1
Glutathione ,GSTO2
Glutathione ,GSTP1
Glutathione ,GSTT1
Glutathione ,GSTZ1
Glutathione ,HAGH
Glutathione ,HPGDS
Glutathione ,LTC4S
Glutathione ,MGST1
Glutathione ,MGST2
Glutathione ,MGST3
Glutathione ,TXNDC12
Glutathione ,ABCB1
Glutathione ,ABCC1
Glutathione ,ABCC2
Glutathione ,ABCC4
Glutathione ,ACE
Glutathione ,ACP1
Glutathione ,ACP5
Glutathione ,ADH1C
Glutathione ,ADM
Glutathione ,AIFM1
Glutathione ,AKT1
Glutathione ,ALB
Glutathione ,ALDH7A1
Glutathione ,APOA4
Glutathione ,APP
Glutathione ,AS3MT
Glutathione ,ATF3
Glutathione ,ATF4
Glutathione ,ATOX1
Glutathione ,ATP7A
Glutathione ,ATP7B
Glutathione ,BCL2
Glutathione ,BHMT
Glutathione ,C11ORF31
Glutathione ,CASP8
Glutathione ,CAT
Glutathione ,CDKN2A
Glutathione ,CDO1
Glutathione ,CEBPE
Glutathione ,CFTR
Glutathione ,CHCHD4
Glutathione ,CLIC1
Glutathione ,COQ10A
Glutathione ,CRYGS
Glutathione ,CTGF
Glutathione ,CTH
Glutathione ,CXCL8
Glutathione ,CYBA
Glutathione ,CYP1A1
Glutathione ,CYP2E1
Glutathione ,DAPK1
Glutathione ,DPP3
Glutathione ,EIF2A
Glutathione ,EIF2AK3
Glutathione ,EPHX1
Glutathione ,EPS8
Glutathione ,ERBB2
Glutathione ,ERCC1
Glutathione ,ERO1L
Glutathione ,ERO1LB
Glutathione ,ESR2
Glutathione ,ETS1
Glutathione ,FAM57A
Glutathione ,FAS
Glutathione ,FOSL1
Glutathione ,G6PD
Glutathione ,GCLC
Glutathione ,GCLM
Glutathione ,GFER
Glutathione ,GGT2
Glutathione ,GLRX
Glutathione ,GLRX2
Glutathione ,GPX1
Glutathione ,GPX2
Glutathione ,GPX3
Glutathione ,GPX4
Glutathione ,GPX7
Glutathione ,GPX8
Glutathione ,GSR
Glutathione ,GSS
Glutathione ,GSTA1
Glutathione ,GSTA2
Glutathione ,GSTA3
Glutathione ,GSTA4
Glutathione ,GSTK1
Glutathione ,GSTM1
Glutathione ,GSTM2
Glutathione ,GSTM3
Glutathione ,GSTM4
Glutathione ,GSTO1
Glutathione ,GSTO2
Glutathione ,GSTP1
Glutathione ,GSTT1
Glutathione ,GSTT2
Glutathione ,GSTZ1
Glutathione ,HMOX1
Glutathione ,HP
Glutathione ,HPGDS
Glutathione ,HSPB1
Glutathione ,IDH1
Glutathione ,IGF1
Glutathione ,IL1A
Glutathione ,IL27
Glutathione ,IL6
Glutathione ,ISCU
Glutathione ,ITGA2B
Glutathione ,ITGB3
Glutathione ,KLF4
Glutathione ,LANCL1
Glutathione ,LMNA
Glutathione ,LTC4S
Glutathione ,MAP3K1
Glutathione ,MAP3K5
Glutathione ,MAPK1
Glutathione ,MAPK14
Glutathione ,MAPK3
Glutathione ,MAPK8
Glutathione ,MB
Glutathione ,MBD2
Glutathione ,MGMT
Glutathione ,MGST1
Glutathione ,MMP2
Glutathione ,MTHFR
Glutathione ,MYC
Glutathione ,NFAT5
Glutathione ,NFE2L2
Glutathione ,NFKB1
Glutathione ,NOS2
Glutathione ,NOS3
Glutathione ,NQO1
Glutathione ,NR5A1
Glutathione ,NRD1
Glutathione ,PARK7
Glutathione ,PDIA2
Glutathione ,PLA2G6
Glutathione ,PLCB3
Glutathione ,PON1
Glutathione ,PRDX2
Glutathione ,PRDX6
Glutathione ,PTEN
Glutathione ,PTGES
Glutathione ,PTGS2
Glutathione ,QSOX1
Glutathione ,RARA
Glutathione ,RARB
Glutathione ,RGN
Glutathione ,RORA
Glutathione ,RPL23
Glutathione ,RPS13
Glutathione ,SELENBP1
Glutathione ,SERPINB5
Glutathione ,SIRT1
Glutathione ,SLC13A3
Glutathione ,SLC15A1
Glutathione ,SLC22A6
Glutathione ,SLC23A1
Glutathione ,SLC23A2
Glutathione ,SLC25A11
Glutathione ,SLC31A1
Glutathione ,SLC7A11
Glutathione ,SMAD3
Glutathione ,SMPD3
Glutathione ,SNCA
Glutathione ,SOD1
Glutathione ,SOD2
Glutathione ,SPI1
Glutathione ,SPTBN5
Glutathione ,TGFB1
Glutathione ,TIAM1
Glutathione ,TNF
Glutathione ,TP53
Glutathione ,TP73
Glutathione ,TTR
Glutathione ,TXN
Glutathione ,TXNRD1
Glutathione ,TXNRD2
Glutathione ,UGT1A1
Glutathione ,UMOD
Glutathione ,USP2
Glutathione ,USP9X
Glutathione ,ABCC1
Glutathione ,ABCC2
Glutathione ,ABCC3
Glutathione ,ABCC4
Glutathione ,ABCC5
Glutathione ,ESD
Glutathione ,GGT1
Glutathione ,GGT2
Glutathione ,GGT3P
Glutathione ,GGT5
Glutathione ,GGT6
Glutathione ,GGT7
Glutathione ,GLO1
Glutathione ,GLRX
Glutathione ,GLRX2
Glutathione ,GPX1
Glutathione ,GPX2
Glutathione ,GPX3
Glutathione ,GPX4
Glutathione ,GPX5
Glutathione ,GPX6
Glutathione ,GPX7
Glutathione ,GPX8
Glutathione ,GSR
Glutathione ,GSS
Glutathione ,GSTA1
Glutathione ,GSTA2
Glutathione ,GSTA3
Glutathione ,GSTA4
Glutathione ,GSTA5
Glutathione ,GSTK1
Glutathione ,GSTM1
Glutathione ,GSTM2
Glutathione ,GSTM3
Glutathione ,GSTM4
Glutathione ,GSTM5
Glutathione ,GSTO1
Glutathione ,GSTO2
Glutathione ,GSTP1
Glutathione ,GSTT1
Glutathione ,GSTT2
Glutathione ,GSTT2B
Glutathione ,GSTTP1
Glutathione ,GSTZ1
Glutathione ,HAGH
Glutathione ,HAGHL
Glutathione ,HPGDS
Glutathione ,LTC4S
Glutathione ,MGST1
Glutathione ,MGST2
Glutathione ,MGST3
Glutathione ,PRDX6
Glutathione ,PTGES
Glutathione ,RALBP1
Glutathione ,TXNDC12
Insulin,AKT1
Insulin,IRS1
Insulin,TNF
Insulin,GCG
Insulin,LEP
Insulin,SLC2A4
Insulin,HBA1
Insulin,ADIPOQ
Insulin,INSR
Insulin,GH1
Insulin,IGF1
Insulin,INS
L-Carnitine,BBOX1
L-Carnitine,CES1
L-Carnitine,CPT1A
L-Carnitine,CPT1B
L-Carnitine,CPT1C
L-Carnitine,CPT2
L-Carnitine,CRAT
L-Carnitine,CROT
L-Carnitine,MPO
L-Carnitine,SLC22A16
L-Carnitine,SLC22A4
L-Carnitine,SLC22A5
L-Carnitine,SLC25A20
L-Carnitine,SLC25A29
L-Carnitine,SLCO1B1
L-Carnitine,XDH
L-Carnitine,CES1
L-Carnitine,CPT1A
L-Carnitine,CPT2
L-Carnitine,CRAT
L-Carnitine,CROT
L-Carnitine,MPO
L-Carnitine,SLC22A16
L-Carnitine,SLC22A4
L-Carnitine,SLC22A5
L-Carnitine,SLC22A8
L-Carnitine,SLC25A20
L-Carnitine,SLC25A29
L-Carnitine,SLCO1B1
L-Carnitine,XDH
Linoleic Acid,ACOT1
Linoleic Acid,ACOT2
Linoleic Acid,ACOT4
Linoleic Acid,ACOT7
Linoleic Acid,ACOT8
Linoleic Acid,ALOX15
Linoleic Acid,ALOX15B
Linoleic Acid,ALOX5
Linoleic Acid,BAAT
Linoleic Acid,CYP19A1
Linoleic Acid,CYP1A1
Linoleic Acid,CYP1A2
Linoleic Acid,CYP1B1
Linoleic Acid,CYP2A13
Linoleic Acid,CYP2A6
Linoleic Acid,CYP2A7
Linoleic Acid,CYP2B6
Linoleic Acid,CYP2C18
Linoleic Acid,CYP2C19
Linoleic Acid,CYP2C8
Linoleic Acid,CYP2C9
Linoleic Acid,CYP2D6
Linoleic Acid,CYP2E1
Linoleic Acid,CYP2F1
Linoleic Acid,CYP2J2
Linoleic Acid,CYP2S1
Linoleic Acid,CYP3A4
Linoleic Acid,CYP3A43
Linoleic Acid,CYP3A5
Linoleic Acid,CYP3A7
Linoleic Acid,CYP4B1
Linoleic Acid,CYP4X1
Linoleic Acid,CYP4Z1
Linoleic Acid,PLA2G10
Linoleic Acid,PLA2G12A
Linoleic Acid,PLA2G12B
Linoleic Acid,PLA2G16
Linoleic Acid,PLA2G1B
Linoleic Acid,PLA2G2A
Linoleic Acid,PLA2G2D
Linoleic Acid,PLA2G2E
Linoleic Acid,PLA2G2F
Linoleic Acid,PLA2G3
Linoleic Acid,PLA2G4A
Linoleic Acid,PLA2G4B
Linoleic Acid,PLA2G4C
Linoleic Acid,PLA2G4D
Linoleic Acid,PLA2G4E
Linoleic Acid,PLA2G4F
Linoleic Acid,PLA2G5
Linoleic Acid,PLA2G6
Linoleic Acid,PLB1
Linoleic Acid,ABCA1
Linoleic Acid,ABCG1
Linoleic Acid,AGER
Linoleic Acid,AHR
Linoleic Acid,APOA1
Linoleic Acid,BCL2
Linoleic Acid,CAT
Linoleic Acid,CCL2
Linoleic Acid,CGB
Linoleic Acid,CREBBP
Linoleic Acid,CYP1A2
Linoleic Acid,CYP2C19
Linoleic Acid,CYP2C9
Linoleic Acid,CYP2E1
Linoleic Acid,CYP3A4
Linoleic Acid,EDN1
Linoleic Acid,FADS2
Linoleic Acid,FOXO1
Linoleic Acid,IFNG
Linoleic Acid,IL10
Linoleic Acid,IL1B
Linoleic Acid,IL2
Linoleic Acid,IL4
Linoleic Acid,IL5
Linoleic Acid,IL6
Linoleic Acid,MAPK3
Linoleic Acid,MMP9
Linoleic Acid,NCF1
Linoleic Acid,NCF2
Linoleic Acid,NCOA1
Linoleic Acid,NCOA2
Linoleic Acid,NOS2
Linoleic Acid,PLD2
Linoleic Acid,PON1
Linoleic Acid,PPARA
Linoleic Acid,PPARG
Linoleic Acid,RXRA
Linoleic Acid,SCD
Linoleic Acid,SMAD3
Linoleic Acid,TNF
Linoleic Acid,VEGFA
Linoleic Acid,FFAR1
Linoleic Acid,FFAR4
Linoleic Acid,HNF4A
Linoleic Acid,KCNB1
Linoleic Acid,PPARG
Linoleic Acid,TRPM8
Progesterone,ABCB1
Progesterone,ABCB11
Progesterone,ABCC2
Progesterone,ABCG2
Progesterone,ABCG5
Progesterone,ABCG8
Progesterone,ACAN
Progesterone,ACTA2
Progesterone,ADAMTS1
Progesterone,ADCYAP1
Progesterone,ADCYAP1R1
Progesterone,ADIPOQ
Progesterone,ADM
Progesterone,AFP
Progesterone,AGRN
Progesterone,AGT
Progesterone,AHR
Progesterone,AICDA
Progesterone,AIF1
Progesterone,AKAP12
Progesterone,AKR1C1
Progesterone,AKR1C2
Progesterone,AKR1C3
Progesterone,AKR1C4
Progesterone,AKR1D1
Progesterone,AKT1
Progesterone,ALB
Progesterone,ALPL
Progesterone,APP
Progesterone,AQP1
Progesterone,AQP5
Progesterone,AR
Progesterone,AREG
Progesterone,ATP1A1
Progesterone,ATP5B
Progesterone,AVP
Progesterone,BAX
Progesterone,BCL2
Progesterone,BCL2L1
Progesterone,BDNF
Progesterone,BMP15
Progesterone,BMP2
Progesterone,BMP4
Progesterone,BMP6
Progesterone,BMP7
Progesterone,C3
Progesterone,C5AR2
Progesterone,CALB1
Progesterone,CALCA
Progesterone,CALR
Progesterone,CAMP
Progesterone,CASP3
Progesterone,CASP8
Progesterone,CCL2
Progesterone,CCL5
Progesterone,CCNA2
Progesterone,CCND1
Progesterone,CD3E
Progesterone,CD80
Progesterone,CD86
Progesterone,CDK2
Progesterone,CDKN1A
Progesterone,CDKN1B
Progesterone,CDT1
Progesterone,CEBPB
Progesterone,CFTR
Progesterone,CGA
Progesterone,CGB
Progesterone,CHAT
Progesterone,CHEK1
Progesterone,CHRM1
Progesterone,CHRM3
Progesterone,CHRNA4
Progesterone,CHRNA5
Progesterone,CHRNB2
Progesterone,CKS1B
Progesterone,COL3A1
Progesterone,COL6A3
Progesterone,COMT
Progesterone,COX4I1
Progesterone,CRH
Progesterone,CRHR1
Progesterone,CST8
Progesterone,CTGF
Progesterone,CTNNB1
Progesterone,CX3CL1
Progesterone,CXCL1
Progesterone,CXCL10
Progesterone,CXCL2
Progesterone,CXCL8
Progesterone,CYP11A1
Progesterone,CYP17A1
Progesterone,CYP19A1
Progesterone,CYP1A1
Progesterone,CYP1B1
Progesterone,CYP21A2
Progesterone,CYP27A1
Progesterone,CYP2C19
Progesterone,CYP2E1
Progesterone,CYP3A4
Progesterone,CYP46A1
Progesterone,DDIT3
Progesterone,DEFA1
Progesterone,DEFA3
Progesterone,DEK
Progesterone,DHRS3
Progesterone,DKK1
Progesterone,EDN1
Progesterone,EGF
Progesterone,EGFR
Progesterone,EGR2
Progesterone,EIF4EBP1
Progesterone,ELOVL6
Progesterone,ESR1
Progesterone,ESR2
Progesterone,F2
Progesterone,F2R
Progesterone,F2RL3
Progesterone,F3
Progesterone,FAAH
Progesterone,FGF9
Progesterone,FOS
Progesterone,FOXO1
Progesterone,FOXP3
Progesterone,FSHB
Progesterone,FST
Progesterone,FZR1
Progesterone,GABRA4
Progesterone,GABRB1
Progesterone,GABRD
Progesterone,GABRP
Progesterone,GDF9
Progesterone,GFAP
Progesterone,GH1
Progesterone,GJA1
Progesterone,GJB2
Progesterone,GNAI3
Progesterone,GNAS
Progesterone,GNRH1
Progesterone,GPT
Progesterone,GRB2
Progesterone,GSK3B
Progesterone,GSTA1
Progesterone,GSTA3
Progesterone,HCRT
Progesterone,HIST4H4
Progesterone,HLA-G
Progesterone,HMGB1
Progesterone,HMOX1
Progesterone,HNF4A
Progesterone,HOXA10
Progesterone,HSD11B1
Progesterone,HSD11B2
Progesterone,HSD17B10
Progesterone,HSD17B2
Progesterone,HSD3B1
Progesterone,HSD3B2
Progesterone,HSPA1A
Progesterone,ICAM1
Progesterone,ID1
Progesterone,IFNG
Progesterone,IGF1
Progesterone,IGF1R
Progesterone,IGFBP1
Progesterone,IGFBP2
Progesterone,IGFBP3
Progesterone,IL10
Progesterone,IL11
Progesterone,IL12A
Progesterone,IL12B
Progesterone,IL17A
Progesterone,IL1B
Progesterone,IL2
Progesterone,IL4
Progesterone,IL6
Progesterone,IL6R
Progesterone,INHA
Progesterone,INHBA
Progesterone,INSR
Progesterone,IRAK2
Progesterone,IRAK4
Progesterone,IRS1
Progesterone,IRS2
Progesterone,ITGA1
Progesterone,ITGAM
Progesterone,JUN
Progesterone,KCNA5
Progesterone,KCNH2
Progesterone,KCNMA1
Progesterone,KISS1
Progesterone,LEP
Progesterone,LEPR
Progesterone,LGALS1
Progesterone,LGALS3
Progesterone,LHB
Progesterone,LIF
Progesterone,LPL
Progesterone,MAP2
Progesterone,MAPK1
Progesterone,MAPK14
Progesterone,MAPK3
Progesterone,MAPK8
Progesterone,MAPT
Progesterone,MATK
Progesterone,MC2R
Progesterone,MCM2
Progesterone,MCM3
Progesterone,MCM4
Progesterone,MCM6
Progesterone,MCM7
Progesterone,MKI67
Progesterone,MMP1
Progesterone,MMP14
Progesterone,MMP2
Progesterone,MMP3
Progesterone,MMP7
Progesterone,MMP9
Progesterone,MPO
Progesterone,MTOR
Progesterone,MUC1
Progesterone,MYC
Progesterone,NAMPT
Progesterone,NCOA1
Progesterone,NCOA2
Progesterone,NFKB1
Progesterone,NFKBIA
Progesterone,NGF
Progesterone,NMU
Progesterone,NOG
Progesterone,NOS1
Progesterone,NOS2
Progesterone,NOS3
Progesterone,NPC1
Progesterone,NPPC
Progesterone,NPY
Progesterone,NQO1
Progesterone,NR0B1
Progesterone,NR1I2
Progesterone,NR1I3
Progesterone,NR3C1
Progesterone,NR3C2
Progesterone,NR4A1
Progesterone,NR5A1
Progesterone,NR5A2
Progesterone,NRG1
Progesterone,NTF3
Progesterone,ORM1
Progesterone,ORM2
Progesterone,OVGP1
Progesterone,P2RX3
Progesterone,PAEP
Progesterone,PAPPA
Progesterone,PCNA
Progesterone,PDGFRA
Progesterone,PER1
Progesterone,PGR
Progesterone,PGRMC1
Progesterone,PHB
Progesterone,PIBF1
Progesterone,PLAUR
Progesterone,PNOC
Progesterone,POMC
Progesterone,PRKAA1
Progesterone,PRKCA
Progesterone,PRKCD
Progesterone,PRKCE
Progesterone,PRKCZ
Progesterone,PRKD1
Progesterone,PRL
Progesterone,PROK1
Progesterone,PSEN1
Progesterone,PTGER1
Progesterone,PTGER2
Progesterone,PTGER3
Progesterone,PTGER4
Progesterone,PTGR1
Progesterone,RAF1
Progesterone,RARRES2
Progesterone,RB1
Progesterone,RELA
Progesterone,RETN
Progesterone,RPS6KB1
Progesterone,RRM2
Progesterone,S100G
Progesterone,SCARB1
Progesterone,SCNN1A
Progesterone,SCNN1B
Progesterone,SCNN1G
Progesterone,SEMA3B
Progesterone,SEMA3F
Progesterone,SERPINA6
Progesterone,SERPINE1
Progesterone,SFN
Progesterone,SHBG
Progesterone,SHC1
Progesterone,SKP2
Progesterone,SLC1A1
Progesterone,SLC22A1
Progesterone,SLC22A24
Progesterone,SLC22A3
Progesterone,SLC22A9
Progesterone,SLC23A2
Progesterone,SLC26A1
Progesterone,SLC2A1
Progesterone,SLC5A2
Progesterone,SLC5A8
Progesterone,SLC9A1
Progesterone,SMAD2
Progesterone,SMAD3
Progesterone,SOD1
Progesterone,SOD2
Progesterone,SOD3
Progesterone,SOX10
Progesterone,SRD5A1
Progesterone,SRD5A2
Progesterone,STAR
Progesterone,STAT3
Progesterone,STAT5A
Progesterone,STAT5B
Progesterone,SULT1E1
Progesterone,TAC1
Progesterone,TGFB1
Progesterone,TH
Progesterone,TLR2
Progesterone,TLR4
Progesterone,TLR9
Progesterone,TNF
Progesterone,TP53
Progesterone,VCAM1
Progesterone,VEGFA
Progesterone,VIP
Progesterone,VPS54
Progesterone,WNT4
Progesterone,WT1
Progesterone,XPNPEP2
Progesterone,ZNF366
Progesterone,ABCB1
Progesterone,ABCG2
Progesterone,ADA
Progesterone,ADCYAP1
Progesterone,ADCYAP1R1
Progesterone,ADIPOQ
Progesterone,AHSP
Progesterone,AKR1C1
Progesterone,AKR1C2
Progesterone,AKR1C3
Progesterone,AKR1C4
Progesterone,AKT1
Progesterone,ANXA4
Progesterone,AR
Progesterone,ATM
Progesterone,AURKA
Progesterone,AURKB
Progesterone,BAX
Progesterone,BCL2
Progesterone,BMI1
Progesterone,BMP15
Progesterone,BMP4
Progesterone,BMPR1A
Progesterone,BMPR2
Progesterone,BRCA1
Progesterone,BRCA2
Progesterone,BSG
Progesterone,C10ORF10
Progesterone,C3
Progesterone,CACNA1C
Progesterone,CALB2
Progesterone,CALCA
Progesterone,CASP3
Progesterone,CASP8
Progesterone,CATSPER1
Progesterone,CCL2
Progesterone,CCL5
Progesterone,CCNA2
Progesterone,CCNB1
Progesterone,CCND1
Progesterone,CCNG1
Progesterone,CCR5
Progesterone,CD151
Progesterone,CD1A
Progesterone,CDK2
Progesterone,CDKN1A
Progesterone,CDKN1C
Progesterone,CEBPA
Progesterone,CEBPB
Progesterone,CEBPD
Progesterone,CGA
Progesterone,CGB
Progesterone,CHEK1
Progesterone,CLDN3
Progesterone,CLDN4
Progesterone,CNR1
Progesterone,CRH
Progesterone,CRHR2
Progesterone,CRP
Progesterone,CSN2
Progesterone,CSNK2A1
Progesterone,CST6
Progesterone,CTNNB1
Progesterone,CTSB
Progesterone,CTSL
Progesterone,CUEDC2
Progesterone,CXCL1
Progesterone,CXCL14
Progesterone,CXCL2
Progesterone,CXCL8
Progesterone,CXCR4
Progesterone,CYP11A1
Progesterone,CYP17A1
Progesterone,CYP19A1
Progesterone,CYP21A2
Progesterone,CYP27A1
Progesterone,CYP2C19
Progesterone,CYP3A4
Progesterone,CYP4X1
Progesterone,CYP4Z1
Progesterone,CYR61
Progesterone,DEFB4A
Progesterone,DNAJA1
Progesterone,DNAJC7
Progesterone,E2F1
Progesterone,EGF
Progesterone,EGFR
Progesterone,ERBB2
Progesterone,ERBB3
Progesterone,ESR1
Progesterone,ESR2
Progesterone,F2
Progesterone,F2R
Progesterone,F3
Progesterone,FAAH
Progesterone,FBLN1
Progesterone,FGF2
Progesterone,FGF4
Progesterone,FGF8
Progesterone,FGFR2
Progesterone,FGR
Progesterone,FKBP5
Progesterone,FOS
Progesterone,FOXO1
Progesterone,FSHB
Progesterone,GABRA1
Progesterone,GABRB2
Progesterone,GABRG2
Progesterone,GATA1
Progesterone,GATA3
Progesterone,GDF9
Progesterone,GH1
Progesterone,GJA1
Progesterone,GLO1
Progesterone,GLRA1
Progesterone,GLRB
Progesterone,GNRH1
Progesterone,GNRH2
Progesterone,GPER1
Progesterone,GSK3B
Progesterone,GSTP1
Progesterone,HGF
Progesterone,HLA-C
Progesterone,HLA-E
Progesterone,HLA-F
Progesterone,HLA-G
Progesterone,HNF4A
Progesterone,HPGD
Progesterone,HSD11B2
Progesterone,HSP90AA1
Progesterone,HTRA3
Progesterone,IDO1
Progesterone,IFITM3
Progesterone,IGF1
Progesterone,IGFBP1
Progesterone,IGFBP3
Progesterone,IKZF1
Progesterone,IL17A
Progesterone,IL1B
Progesterone,IL27
Progesterone,IL6
Progesterone,INHA
Progesterone,INHBA
Progesterone,IRS1
Progesterone,IRS2
Progesterone,ITGA1
Progesterone,JAK1
Progesterone,JAK2
Progesterone,JDP2
Progesterone,JUN
Progesterone,KAT7
Progesterone,KCNH1
Progesterone,KCNH2
Progesterone,KCNMA1
Progesterone,KDM5A
Progesterone,KIT
Progesterone,KLF11
Progesterone,KLF13
Progesterone,KLF4
Progesterone,KLF9
Progesterone,KLK14
Progesterone,LEP
Progesterone,LEPR
Progesterone,LGALS3
Progesterone,LHB
Progesterone,MACROD1
Progesterone,MAPK1
Progesterone,MAPK14
Progesterone,MAPK3
Progesterone,MATK
Progesterone,MECP2
Progesterone,MIR155
Progesterone,MIR15A
Progesterone,MIR200A
Progesterone,MKI67
Progesterone,MMP1
Progesterone,MMP13
Progesterone,MMP2
Progesterone,MMP3
Progesterone,MSI1
Progesterone,MUC1
Progesterone,MYD88
Progesterone,NCOA1
Progesterone,NCOR2
Progesterone,NCR3
Progesterone,NF1
Progesterone,NFKB1
Progesterone,NFKBIA
Progesterone,NONO
Progesterone,NOS2
Progesterone,NR0B1
Progesterone,NR3C1
Progesterone,NR3C2
Progesterone,NR5A1
Progesterone,NR5A2
Progesterone,OXTR
Progesterone,PAPPA
Progesterone,PAQR5
Progesterone,PAQR6
Progesterone,PAQR7
Progesterone,PAQR8
Progesterone,PAQR9
Progesterone,PAWR
Progesterone,PCNA
Progesterone,PEBP4
Progesterone,PGR
Progesterone,PGRMC1
Progesterone,PIAS4
Progesterone,PIBF1
Progesterone,PIK3CA
Progesterone,PIK3R1
Progesterone,PIM1
Progesterone,POMC
Progesterone,PPARA
Progesterone,PPARGC1A
Progesterone,PRL
Progesterone,PRLR
Progesterone,PROS1
Progesterone,PTEN
Progesterone,PTGER1
Progesterone,PTGS1
Progesterone,PTGS2
Progesterone,PTK2
Progesterone,PTX3
Progesterone,RELA
Progesterone,RETN
Progesterone,RHOBTB2
Progesterone,SCARB1
Progesterone,SCGB1A1
Progesterone,SDC1
Progesterone,SDC4
Progesterone,SERPINA6
Progesterone,SFN
Progesterone,SFPQ
Progesterone,SGTA
Progesterone,SLC22A9
Progesterone,SLC8A1
Progesterone,SLCO2B1
Progesterone,SLPI
Progesterone,SOD1
Progesterone,SOD2
Progesterone,SP1
Progesterone,SRA1
Progesterone,SRC
Progesterone,SRD5A1
Progesterone,STAR
Progesterone,STAT1
Progesterone,STAT3
Progesterone,STAT5A
Progesterone,STC1
Progesterone,STUB1
Progesterone,SULT2B1
Progesterone,TAC1
Progesterone,TCL1B
Progesterone,TFPI
Progesterone,TGFB1
Progesterone,TGFB1I1
Progesterone,TGFB2
Progesterone,TGFB3
Progesterone,TGM2
Progesterone,THBS1
Progesterone,TIMP1
Progesterone,TLR4
Progesterone,TNF
Progesterone,TNFRSF11B
Progesterone,TNFSF11
Progesterone,TP53
Progesterone,TRERF1
Progesterone,TRIM25
Progesterone,TRPM3
Progesterone,TRPV4
Progesterone,TYMP
Progesterone,UBR5
Progesterone,UCN3
Progesterone,UNC45A
Progesterone,VEGFA
Progesterone,WBP2
Progesterone,WT1
Progesterone,XRCC2
Progesterone,YAP1
Progesterone,CATSPER1
Progesterone,CATSPER2
Progesterone,CATSPER3
Progesterone,CATSPER4
Progesterone,NR3C2
Progesterone,PGR
Progesterone,TRPC5
Progesterone,ABCB1
Progesterone,ABCB11
Progesterone,ABCC1
Progesterone,CYP17A1
Progesterone,CYP1A1
Progesterone,CYP1A2
Progesterone,CYP1B1
Progesterone,CYP2A6
Progesterone,CYP2C19
Progesterone,CYP2C8
Progesterone,CYP2C9
Progesterone,CYP2D6
Progesterone,CYP3A4
Progesterone,CYP3A5
Progesterone,CYP3A7
Progesterone,ESR1
Progesterone,NR3C2
Progesterone,OPRK1
Progesterone,PGR
Progesterone,SLC10A1
Progesterone,SLC22A1
Progesterone,SLC22A2
Progesterone,SLC22A3
Putrescine ,ADRB1
Putrescine ,ADRB2
Putrescine ,AMD1
Putrescine ,AOC1
Putrescine ,BCL2
Putrescine ,CASP3
Putrescine ,CASP9
Putrescine ,EIF3B
Putrescine ,NOS2
Putrescine ,ODC1
Putrescine ,TGM2
Putrescine ,TIA1
Putrescine ,AMD1
Putrescine ,ODC1
Putrescine ,SLC22A4
Putrescine ,AMD1
Putrescine ,SAT1
Putrescine ,KCNJ2
Putrescine ,KCNJ4
Putrescine ,AGMAT
Putrescine ,ALDH9A1
Putrescine ,AMD1
Putrescine ,BBOX1
Putrescine ,BHMT
Putrescine ,BHMT2
Putrescine ,CHDH
Putrescine ,DMGDH
Putrescine ,GATM
Putrescine ,HDC
Putrescine ,MTAP
Putrescine ,OAZ1
Putrescine ,ODC1
Putrescine ,PAOX
Putrescine ,PDPR
Putrescine ,PMF1
Putrescine ,SARDH
Putrescine ,SAT1
Putrescine ,SAT2
Putrescine ,SLC22A4
Putrescine ,SMOX
Putrescine ,SMS
Putrescine ,SRM
Putrescine ,TMLHE
Putrescine ,AGMAT
Putrescine ,ODC1
Putrescine ,PAOX
Putrescine ,AGMAT
Putrescine ,ODC1
Putrescine ,PAOX
Putrescine ,SAT1
Putrescine ,SAT2
Putrescine ,AZIN2
Putrescine ,OAZ3
Putrescine ,SAT2
Putrescine ,AGMAT
Putrescine ,ODC1
Putrescine ,PAOX
Putrescine ,AZIN2
Putrescine ,OAZ3
Putrescine ,AGMAT
Putrescine ,ODC1
Putrescine ,PAOX
Putrescine ,SAT1
Putrescine ,SAT2
Putrescine ,AGMAT
Putrescine ,AZIN2
Sodium Selenite,ACTA2
Sodium Selenite,AGER
Sodium Selenite,AKT1
Sodium Selenite,ALAD
Sodium Selenite,AR
Sodium Selenite,ARG1
Sodium Selenite,ATG5
Sodium Selenite,BAX
Sodium Selenite,BCL2
Sodium Selenite,BECN1
Sodium Selenite,BIRC2
Sodium Selenite,CALCA
Sodium Selenite,CASP3
Sodium Selenite,CASP8
Sodium Selenite,CASP9
Sodium Selenite,CAT
Sodium Selenite,CCND1
Sodium Selenite,CDKN1A
Sodium Selenite,CDKN1B
Sodium Selenite,CDKN2A
Sodium Selenite,CRP
Sodium Selenite,DIO2
Sodium Selenite,DIO3
Sodium Selenite,DNMT1
Sodium Selenite,EP300
Sodium Selenite,FOS
Sodium Selenite,FSHB
Sodium Selenite,GPX1
Sodium Selenite,GPX3
Sodium Selenite,GPX4
Sodium Selenite,GSR
Sodium Selenite,GSTP1
Sodium Selenite,HDAC3
Sodium Selenite,HGF
Sodium Selenite,HIST3H3
Sodium Selenite,HMOX1
Sodium Selenite,HPGDS
Sodium Selenite,ICAM1
Sodium Selenite,IFNG
Sodium Selenite,IL1B
Sodium Selenite,IL6
Sodium Selenite,INS
Sodium Selenite,IRF3
Sodium Selenite,JUN
Sodium Selenite,KLK3
Sodium Selenite,LHB
Sodium Selenite,LIPE
Sodium Selenite,MAPK1
Sodium Selenite,MAPK11
Sodium Selenite,MAPK3
Sodium Selenite,MAPK8
Sodium Selenite,MAPK9
Sodium Selenite,MMP2
Sodium Selenite,MMP9
Sodium Selenite,MYC
Sodium Selenite,NFE2L2
Sodium Selenite,NOS1
Sodium Selenite,NOS2
Sodium Selenite,ODC1
Sodium Selenite,PARP1
Sodium Selenite,PDGFRB
Sodium Selenite,PPARG
Sodium Selenite,PRKCD
Sodium Selenite,PTGES
Sodium Selenite,PTGS2
Sodium Selenite,PTK2
Sodium Selenite,PTPN1
Sodium Selenite,RAC1
Sodium Selenite,RAD51
Sodium Selenite,RELA
Sodium Selenite,SELE
Sodium Selenite,SEPHS1
Sodium Selenite,SEPHS2
Sodium Selenite,SEPP1
Sodium Selenite,SOD1
Sodium Selenite,SOD2
Sodium Selenite,SP1
Sodium Selenite,TBK1
Sodium Selenite,TBXAS1
Sodium Selenite,TERT
Sodium Selenite,TGFB1
Sodium Selenite,TICAM1
Sodium Selenite,TNF
Sodium Selenite,TP53
Sodium Selenite,TXNRD1
Sodium Selenite,TXNRD2
Sodium Selenite,UCP2
Sodium Selenite,VCAM1
Sodium Selenite,VDAC1
Sodium Selenite,VEGFA
Superoxide Dismutase,APOE
Superoxide Dismutase,CAT
Superoxide Dismutase,CXCL8
Superoxide Dismutase,CYP1A1
Superoxide Dismutase,EDN1
Superoxide Dismutase,ENO2
Superoxide Dismutase,FABP1
Superoxide Dismutase,FAS
Superoxide Dismutase,FASLG
Superoxide Dismutase,FOXO3
Superoxide Dismutase,GPX1
Superoxide Dismutase,GRP
Superoxide Dismutase,GSR
Superoxide Dismutase,IL6
Superoxide Dismutase,MMP2
Superoxide Dismutase,MPO
Superoxide Dismutase,MTRNR2L1
Superoxide Dismutase,NOS2
Superoxide Dismutase,NOS3
Superoxide Dismutase,NOX1
Superoxide Dismutase,NOX4
Superoxide Dismutase,PON1
Superoxide Dismutase,PRKAA1
Superoxide Dismutase,SCN2A
Superoxide Dismutase,SOD1
Superoxide Dismutase,SOD2
Superoxide Dismutase,SOD3
Superoxide Dismutase,TRPM2
Superoxide Dismutase,VCAM1
Superoxide Dismutase,VWF
Superoxide Dismutase,XDH
T3 (triodo-I-thyronine),ACACA
T3 (triodo-I-thyronine),ADRB1
T3 (triodo-I-thyronine),ADRB2
T3 (triodo-I-thyronine),ADRB3
T3 (triodo-I-thyronine),AKT1
T3 (triodo-I-thyronine),APP
T3 (triodo-I-thyronine),BAD
T3 (triodo-I-thyronine),BAX
T3 (triodo-I-thyronine),BCL2
T3 (triodo-I-thyronine),BCL2L1
T3 (triodo-I-thyronine),CASP3
T3 (triodo-I-thyronine),CAT
T3 (triodo-I-thyronine),CCNA2
T3 (triodo-I-thyronine),CCND1
T3 (triodo-I-thyronine),CCNE1
T3 (triodo-I-thyronine),CDKN1A
T3 (triodo-I-thyronine),CDKN1B
T3 (triodo-I-thyronine),CHEK1
T3 (triodo-I-thyronine),CPT1A
T3 (triodo-I-thyronine),CSK
T3 (triodo-I-thyronine),CYP11A1
T3 (triodo-I-thyronine),CYP17A1
T3 (triodo-I-thyronine),CYP2C9
T3 (triodo-I-thyronine),CYP2E1
T3 (triodo-I-thyronine),DIO1
T3 (triodo-I-thyronine),DIO2
T3 (triodo-I-thyronine),DIO3
T3 (triodo-I-thyronine),EGF
T3 (triodo-I-thyronine),FGF18
T3 (triodo-I-thyronine),FGF2
T3 (triodo-I-thyronine),FGF9
T3 (triodo-I-thyronine),FGFR1
T3 (triodo-I-thyronine),GAP43
T3 (triodo-I-thyronine),GH1
T3 (triodo-I-thyronine),GJA1
T3 (triodo-I-thyronine),GSTA2
T3 (triodo-I-thyronine),GSTP1
T3 (triodo-I-thyronine),H2AFX
T3 (triodo-I-thyronine),IGF1
T3 (triodo-I-thyronine),ITGAM
T3 (triodo-I-thyronine),LDLR
T3 (triodo-I-thyronine),MAPK1
T3 (triodo-I-thyronine),MAPK3
T3 (triodo-I-thyronine),MBP
T3 (triodo-I-thyronine),MMP2
T3 (triodo-I-thyronine),MPO
T3 (triodo-I-thyronine),NCOA1
T3 (triodo-I-thyronine),NCOR1
T3 (triodo-I-thyronine),NCOR2
T3 (triodo-I-thyronine),NFKB1
T3 (triodo-I-thyronine),NRGN
T3 (triodo-I-thyronine),NT5E
T3 (triodo-I-thyronine),P4HB
T3 (triodo-I-thyronine),PCNA
T3 (triodo-I-thyronine),POLD3
T3 (triodo-I-thyronine),PPARA
T3 (triodo-I-thyronine),PRL
T3 (triodo-I-thyronine),PSCA
T3 (triodo-I-thyronine),RELA
T3 (triodo-I-thyronine),RPA2
T3 (triodo-I-thyronine),S100A6
T3 (triodo-I-thyronine),SERPINA7
T3 (triodo-I-thyronine),SIRT1
T3 (triodo-I-thyronine),SREBF1
T3 (triodo-I-thyronine),STAT1
T3 (triodo-I-thyronine),SULT1A1
T3 (triodo-I-thyronine),SULT1A3
T3 (triodo-I-thyronine),SULT4A1
T3 (triodo-I-thyronine),TGFB1
T3 (triodo-I-thyronine),THRA
T3 (triodo-I-thyronine),THRB
T3 (triodo-I-thyronine),TNF
T3 (triodo-I-thyronine),TNFRSF9
T3 (triodo-I-thyronine),TRAF1
T3 (triodo-I-thyronine),TSHB
T3 (triodo-I-thyronine),TTR
T3 (triodo-I-thyronine),AKR1B1
T3 (triodo-I-thyronine),CDKN1A
T3 (triodo-I-thyronine),DIO1
T3 (triodo-I-thyronine),DIO2
T3 (triodo-I-thyronine),DIO3
T3 (triodo-I-thyronine),ENG
T3 (triodo-I-thyronine),IGFBP3
T3 (triodo-I-thyronine),MCL1
T3 (triodo-I-thyronine),NPPB
T3 (triodo-I-thyronine),PIK3CG
T3 (triodo-I-thyronine),PNPLA3
T3 (triodo-I-thyronine),SLC16A2
T3 (triodo-I-thyronine),SLC2A1
T3 (triodo-I-thyronine),SLC2A3
T3 (triodo-I-thyronine),TG
T3 (triodo-I-thyronine),THRA
T3 (triodo-I-thyronine),THRB
T3 (triodo-I-thyronine),UCP1
Transferrin,AAK1
Transferrin,ACO1
Transferrin,AGAP2
Transferrin,ARF1
Transferrin,ARF3
Transferrin,ARF4
Transferrin,CD4
Transferrin,CD81
Transferrin,CD9
Transferrin,CDC42BPA
Transferrin,CP
Transferrin,DDIT3
Transferrin,DNAH12
Transferrin,EGFR
Transferrin,FTL
Transferrin,FURIN
Transferrin,GAPDH
Transferrin,GGA1
Transferrin,GGA2
Transferrin,GGA3
Transferrin,HAMP
Transferrin,HBB
Transferrin,HFE
Transferrin,HFE2
Transferrin,HMOX1
Transferrin,HP
Transferrin,ICAM1
Transferrin,IREB2
Transferrin,KIF16B
Transferrin,LGALS3
Transferrin,LMTK2
Transferrin,LTF
Transferrin,"""MARCH8"""
Transferrin,MYO6
Transferrin,NDRG1
Transferrin,NODAL
Transferrin,OPTN
Transferrin,PIP5K1C
Transferrin,PMM2
Transferrin,PROM1
Transferrin,PTGFRN
Transferrin,RAB11A
Transferrin,RAB22A
Transferrin,RAB4A
Transferrin,RAB5A
Transferrin,RBSN
Transferrin,RILP
Transferrin,SERPINA1
Transferrin,SH3BP4
Transferrin,SLC11A2
Transferrin,SLC39A14
Transferrin,SLC40A1
Transferrin,SLC46A1
Transferrin,SLC9A6
Transferrin,TBC1D16
Transferrin,TF
Transferrin,TFAP2A
Transferrin,TFR2
Transferrin,TFRC
Transferrin,TG
Transferrin,TMPRSS6
Transferrin,TNF
Transferrin,ULK1
Transferrin,VDR
Transferrin,HFE
Transferrin,TBPL1
Transferrin,ATP6AP1
Transferrin,ATP6V0A1
Transferrin,ATP6V0A2
Transferrin,ATP6V0A4
Transferrin,ATP6V0B
Transferrin,ATP6V0C
Transferrin,ATP6V0D1
Transferrin,ATP6V0D2
Transferrin,ATP6V0E1
Transferrin,ATP6V0E2
Transferrin,ATP6V1A
Transferrin,ATP6V1B1
Transferrin,ATP6V1B2
Transferrin,ATP6V1C1
Transferrin,ATP6V1C2
Transferrin,ATP6V1D
Transferrin,ATP6V1E1
Transferrin,ATP6V1E2
Transferrin,ATP6V1F
Transferrin,ATP6V1G1
Transferrin,ATP6V1G2
Transferrin,ATP6V1G3
Transferrin,ATP6V1H
Transferrin,CLTC
Transferrin,DNM2
Transferrin,LMTK2
Transferrin,MCOLN1
Transferrin,RAB11B
Transferrin,REP15
Transferrin,SNX3
Transferrin,STEAP3
Transferrin,TCIRG1
Transferrin,TF
Transferrin,TFRC
Transferrin,TFR2
Transferrin,TFRC
Transferrin,SNX1
Transferrin,SNX2
Transferrin,SNX4
Fattyacid_lipids,ABCA1
Fattyacid_lipids,CD36
Fattyacid_lipids,SLC10A1
Fattyacid_lipids,ACSL1
Fattyacid_lipids,ACSBG1
Fattyacid_lipids,PPAR-alpha
Fattyacid_lipids,PNLIPRP3
Fattyacid_lipids,LIPH
Fattyacid_lipids,PLA2G4E
Fattyacid_lipids,PNPLA2 (ATGL)
Fattyacid_lipids,HSD17B2
Fattyacid_lipids,ACSL1
Fattyacid_lipids,ACSBG1
Fattyacid_lipids,FA2H
Fattyacid_lipids,HSD17B2
Fattyacid_lipids,CYP4F3
Fattyacid_lipids,DGAT2
Fattyacid_lipids,SC14L2
Fattyacid_lipids,MGLL
Fattyacid_lipids,Sod1
Fattyacid_lipids,Faah
Fattyacid_lipids,Adh7
Fattyacid_lipids,Elovl3
Fattyacid_lipids,Lpl
Fattyacid_lipids,Fa2h
Fattyacid_lipids,Nr1h3
Fattyacid_lipids,Aoot1
Fattyacid_lipids,Aoacb
Fattyacid_lipids,Pdk4
Fattyacid_lipids,Ppara
Fattyacid_lipids,Ephx2
Fattyacid_lipids,Cd36
Fattyacid_lipids,Aoot5
Fattyacid_lipids,Avpr1a
Fattyacid_lipids,Acox2
Fattyacid_lipids,Pparg
Fattyacid_lipids,Lpl
Fattyacid_lipids,Nr1h3
Fattyacid_lipids,Aoacb
Fattyacid_lipids,Ppara
Fattyacid_lipids,Cd36
Fattyacid_lipids,Cidea
Fattyacid_lipids,Pparg
Fattyacid_lipids,Sod1
Fattyacid_lipids,Lpl
Fattyacid_lipids,Nr1h3
Fattyacid_lipids,Ldhb
Fattyacid_lipids,Aoot1
Fattyacid_lipids,Fgf21
Fattyacid_lipids,ppara
Fattyacid_lipids,Zfp423
Fattyacid_lipids,Cd36
Fattyacid_lipids,Lon2
Fattyacid_lipids,Cidea
Fattyacid_lipids,GOs2
Fattyacid_lipids,pparg
Beta-oxidation,LPL
Beta-oxidation,CD36
Beta-oxidation,SLC27A1
Beta-oxidation,CAV1
Beta-oxidation,CPT1A
Beta-oxidation,CPT1B
Beta-oxidation,CPT1C
Beta-oxidation,CPT2
Beta-oxidation,ACADVL
Beta-oxidation,ACADL
Beta-oxidation,ACADM
Beta-oxidation,ACADS
Beta-oxidation,ACADSB
Beta-oxidation,HADHA
Beta-oxidation,HADHB
Beta-oxidation,ACAA2
Beta-oxidation,ACOX1
Beta-oxidation,ACOX2
Beta-oxidation,ACOX3
Beta-oxidation,HSD17B4
Beta-oxidation,EHHADH
Beta-oxidation,ACAA1
Beta-oxidation,SCP2
Beta-oxidation,CAT
Beta-oxidation,SOD2
Beta-oxidation,ACAT1
Mitochondria ,AIFM2
Mitochondria ,AIP
Mitochondria ,BAK1
Mitochondria ,BBC3
Mitochondria ,BCL2
Mitochondria ,BCL2L1
Mitochondria ,BID
Mitochondria ,BNIP3
Mitochondria ,CDKN2A
Mitochondria ,COX10
Mitochondria ,COX18
Mitochondria ,CPT1B
Mitochondria ,CPT2
Mitochondria ,DNAJC19
Mitochondria ,DNM1L
Mitochondria ,FIS1
Mitochondria ,FXC1
Mitochondria ,GRPEL1
Mitochondria ,HSP90AA1
Mitochondria ,HSPD1
Mitochondria ,IMMP1L
Mitochondria ,IMMP2L
Mitochondria ,LRPPRC
Mitochondria ,MFN1
Mitochondria ,MFN2
Mitochondria ,MIPEP
Mitochondria ,MSTO1
Mitochondria ,MTX2
Mitochondria ,NEFL
Mitochondria ,OPA1
Mitochondria ,PMAIP1
Mitochondria ,RHOT1
Mitochondria ,RHOT2
Mitochondria ,SFN
Mitochondria ,SH3GLB1
Mitochondria ,SLC25A1
Mitochondria ,SLC25A10
Mitochondria ,SLC25A12
Mitochondria ,SLC25A13
Mitochondria ,SLC25A14
Mitochondria ,SLC25A15
Mitochondria ,SLC25A16
Mitochondria ,SLC25A17
Mitochondria ,SLC25A19
Mitochondria ,SLC25A2
Mitochondria ,SLC25A20
Mitochondria ,SLC25A21
Mitochondria ,SLC25A22
Mitochondria ,SLC25A23
Mitochondria ,SLC25A24
Mitochondria ,SLC25A25
Mitochondria ,SLC25A27
Mitochondria ,SLC25A25A3
Mitochondria ,SLC25A25A30
Mitochondria ,SLC25A25A31
Mitochondria ,SLC25A25A37
Mitochondria ,SLC25A25A4
Mitochondria ,SLC25A25A5
Mitochondria ,SOD1
Mitochondria ,SOD2
Mitochondria ,STARD3
Mitochondria ,TAZ
Mitochondria ,TIMM10
Mitochondria ,TIMM17A
Mitochondria ,TIMM17B
Mitochondria ,TIMM22
Mitochondria ,TIMM23
Mitochondria ,TIMM44
Mitochondria ,TIMM50
Mitochondria ,TIMM8A1
Mitochondria ,TIMM8B
Mitochondria ,TIMM9
Mitochondria ,TOMM20
Mitochondria ,TOMM22
Mitochondria ,TOMM34
Mitochondria ,TOMM40
Mitochondria ,TOMM40L
Mitochondria ,TOMM70A
Mitochondria ,TSPO
Mitochondria ,UCP1
Mitochondria ,UCP2
Mitochondria ,UCP3
Mitochondria ,UXT
